algorithm,number of houses,rounds,highest score,lowest score,score difference,swaps,moves,total runtime (sec)
simAnnealing,60,100,29347800,26566200,2781600,164,546,10.750574359000893
hillSwaps,60,100,37637338,37292338,345000,8,0,4.390452755993465
hillSwaps,60,100,25741440,25423140,318300,8,0,3.927091022138484
hillSwaps,60,100,25402140,25176420,225720,5,0,3.8610599620151334
simAnnealing,60,100,28396200,26639400,1756800,151,541,8.746911678026663
simAnnealing,60,100,27517800,23784600,3733200,145,560,5.431281766999746
