algorithm,number of houses,rounds,highest score,lowest score,score difference,swaps,moves,total runtime (sec)
simAnnealing,60,100,25907400,23565000,-1000000000,130,601,5.425298857997404
simAnnealing,60,100,29347800,26566200,2781600,164,546,10.750574359000893
hillSwaps,60,100,37637338,37292338,345000,8,0,4.390452755993465
hillSwaps,60,100,25741440,25423140,318300,8,0,3.927091022138484
