algorithm,number of houses,rounds,highest score,lowest score,score difference,swaps,moves,total runtime (sec)
hillSwaps,60,100,37637338,37292338,345000,8,0,4.390452755993465
hillSwaps,60,100,25741440,25423140,318300,8,0,3.927091022138484
hillSwaps,60,100,25402140,25176420,225720,5,0,3.8610599620151334
simAnnealing,60,100,27005400,24443400,2562000,0,702,6.738458173000254
hillMoves,60,100,26200200,24443400,1756800,0,82,0.8168338469986338
hillMoves,60,100,27225000,24663000,2562000,0,71,1.058886787010124
