algorithm,maxHouses,rounds,highestScore,lowestScore,swaps,averageRuntime
hilly,60,1500,29933400,25029000,790,30.88371586499852
hilly,60,1500,29640600,24882600,479,34.99066097600007
hillclimber,60,1500,26900040,26034480,24,22.701631001997157
hillclimber,60,1500,26383800,25634580,21,21.850752881000517
random,60,1000,25947360,23091600,0,0.01730462366786378
random,60,1000,25589820,23261520,0,0.01730842228189431
